{"cameraMode":{"drawMode":0,"name":"Shaded","section":"Shading Mode"},"sceneLighting":true,"audioPlay":false,"sceneViewState":{"m_AlwaysRefresh":false,"showFog":true,"showSkybox":true,"showFlares":true,"showImageEffects":true,"showParticleSystems":true,"showVisualEffectGraphs":true,"m_FxEnabled":true},"in2DMode":false,"pivot":{"x":-60.450767517089847,"y":-24.180038452148439,"z":295.3047790527344},"rotation":{"x":-0.07880290597677231,"y":-0.02541990764439106,"z":0.0020107259042561056,"w":-0.996570348739624},"size":149.70086669921876,"orthographic":false}